<?xml version="1.0"?>
<Interface Version="1" Minor="1">
	<Ifc Id="ROOT" Top="1">
		<Bus Id="a">
			<Port Id="2" Dir="IN"/>
			<Port Id="1" Dir="IN"/>
			<Port Id="0" Dir="IN"/>
		</Bus>
		<Bus Id="b">
			<Port Id="2" Dir="IN"/>
			<Port Id="1" Dir="IN"/>
			<Port Id="0" Dir="IN"/>
		</Bus>
		<Bus Id="segmentos">
			<Port Id="6" Dir="OUT"/>
			<Port Id="5" Dir="OUT"/>
			<Port Id="4" Dir="OUT"/>
			<Port Id="3" Dir="OUT"/>
			<Port Id="2" Dir="OUT"/>
			<Port Id="1" Dir="OUT"/>
			<Port Id="0" Dir="OUT"/>
		</Bus>
		<Bus Id="anodos">
			<Port Id="3" Dir="OUT"/>
			<Port Id="2" Dir="OUT"/>
			<Port Id="1" Dir="OUT"/>
			<Port Id="0" Dir="OUT"/>
		</Bus>
		<Bus Id="suma">
			<Port Id="5" Dir="INOUT"/>
			<Port Id="4" Dir="INOUT"/>
			<Port Id="3" Dir="INOUT"/>
			<Port Id="2" Dir="INOUT"/>
			<Port Id="1" Dir="INOUT"/>
			<Port Id="0" Dir="INOUT"/>
		</Bus>
		<Port Id="cin" Dir="IN"/>
		<Port Id="reloj_tarjeta" Dir="IN"/>
		<Port Id="reset" Dir="IN"/>
	</Ifc>
</Interface>

